version_1,version_2
8.652783275784659,10.914883632655442
6.817778012099213,10.326013334498692
9.352711122699642,11.259112370128273
5.386804101957286,4.936004910485053
4.12467807792517,15.338202359635071
14.073704580849155,11.8429666856434
3.239431050543371,6.981489748565133
12.73099831276655,15.14741029176832
7.299970109837155,15.474002924363232
4.0825454483266945,13.807373574079147
